repo,file,line,url,kind,cls,attrs,border,table_style,cols,rows,body_rows,columns,header_row,row_headers,spanning_title,spans,cell_styles,kinds,nested,longest_cell,median_cell,empty_cells,erb,unclosed_thead,sample,family
cft-cf-and-k8s,content/docs/abstractions-levels.md,21,https://github.com/cloudfoundry-tutorials/cf-and-k8s/blob/9df120be20e6af6a1a6ee909186fbd79ce01067a/content/docs/abstractions-levels.md#L21,pipe,,,False,False,,5,4,6,True,0,False,0,0,bold,0,15,4,1,False,False, | Abstraction | Productivity | Efficiency | Start Speed | Restrictiveness,matrix
cft-trycf,content/docs/provisioning.md,35,https://github.com/cloudfoundry-tutorials/trycf/blob/7f7e44f9df195972bd617a7546f46ae58be6ae3b/content/docs/provisioning.md#L35,pipe,,,False,False,,7,6,3,True,0,False,0,0,,0,18,8,0,False,False,Provider | SERVICE | PLAN,reference-3-4
cft-trycf,content/docs/login.md,16,https://github.com/cloudfoundry-tutorials/trycf/blob/7f7e44f9df195972bd617a7546f46ae58be6ae3b/content/docs/login.md#L16,pipe,,,False,False,,7,6,2,True,0,False,0,0,,0,47,20,0,False,False,Provider | API Endpoint,key-value
docs-bbr,cf-backup.html.md.erb,61,https://github.com/cloudfoundry/docs-bbr/blob/51465950ce3a2196d66a9339086b94feed280c3e/cf-backup.html.md.erb#L61,pipe,,,False,False,,3,2,2,True,0,False,0,0,"code,link",0,195,26,0,False,False,Selective backup ops file | Content included in backup,key-value
docs-bbr,installing.html.md.erb,34,https://github.com/cloudfoundry/docs-bbr/blob/51465950ce3a2196d66a9339086b94feed280c3e/installing.html.md.erb#L34,html,"""table""","class=""table""",False,False,,4,3,3,True,0,False,0,0,,0,64,13,0,False,False,VM | Default port | Description | BOSH Director,reference-3-4
docs-bosh,content/resolute-release-migration.md,265,https://github.com/cloudfoundry/docs-bosh/blob/20a41223a7ba87700424634c42e94a22a669b45e/content/resolute-release-migration.md#L265,pipe,,,False,False,,8,7,2,True,0,False,0,0,code,0,89,13,0,False,False,Noble | Resolute,key-value
docs-bosh,content/networks.md,16,https://github.com/cloudfoundry/docs-bosh/blob/20a41223a7ba87700424634c42e94a22a669b45e/content/networks.md#L16,pipe,,,False,False,,3,2,4,True,0,False,0,0,,0,23,13,1,False,False, | Manual network | Dynamic network | VIP network,reference-3-4
docs-bosh,content/networks.md,489,https://github.com/cloudfoundry/docs-bosh/blob/20a41223a7ba87700424634c42e94a22a669b45e/content/networks.md#L489,pipe,,,False,False,,5,4,4,True,0,False,0,0,"bold,br,link",0,42,11,1,False,False, | Manual network<br>(per instance group) | Dynamic network<br>(per instance group) | VIP network,reference-3-4
docs-bosh,content/networks.md,500,https://github.com/cloudfoundry/docs-bosh/blob/20a41223a7ba87700424634c42e94a22a669b45e/content/networks.md#L500,pipe,,,False,False,,12,11,4,True,0,False,0,0,"bold,link",0,45,1,17,False,False, | Network type | NIC grouping | Prefix delegation,matrix
docs-bosh,content/init-alicloud.md,86,https://github.com/cloudfoundry/docs-bosh/blob/20a41223a7ba87700424634c42e94a22a669b45e/content/init-alicloud.md#L86,pipe,,,False,False,,6,5,4,True,0,False,0,0,,0,29,9,0,False,False,Type | Port Range | Source | Purpose,reference-3-4
docs-bosh,content/vsphere.md,30,https://github.com/cloudfoundry/docs-bosh/blob/20a41223a7ba87700424634c42e94a22a669b45e/content/vsphere.md#L30,pipe,,,False,False,,7,6,2,True,0,False,0,0,,0,48,17,0,False,False,BOSH | vSphere,key-value
docs-bosh,content/vsphere.md,54,https://github.com/cloudfoundry/docs-bosh/blob/20a41223a7ba87700424634c42e94a22a669b45e/content/vsphere.md#L54,pipe,,,False,False,,4,3,2,True,0,False,0,0,,0,30,12,0,False,False,Network Type | Support,key-value
docs-bosh,content/vsphere.md,70,https://github.com/cloudfoundry/docs-bosh/blob/20a41223a7ba87700424634c42e94a22a669b45e/content/vsphere.md#L70,pipe,,,False,False,,4,3,2,True,0,False,0,0,,0,15,9,0,False,False,Disk Type | Encryption,key-value
docs-bosh,content/vsphere.md,78,https://github.com/cloudfoundry/docs-bosh/blob/20a41223a7ba87700424634c42e94a22a669b45e/content/vsphere.md#L78,pipe,,,False,False,,4,3,2,True,0,False,0,0,,0,34,13,0,False,False,Feature | Support,key-value
docs-bosh,content/init-openstack.md,103,https://github.com/cloudfoundry/docs-bosh/blob/20a41223a7ba87700424634c42e94a22a669b45e/content/init-openstack.md#L103,pipe,,,False,False,,7,6,6,True,0,False,0,0,,0,29,6,2,False,False,Direction | Ether Type | IP Protocol | Port Range | Remote | Purpose,wide
docs-bosh,content/azure-compute-gallery.md,19,https://github.com/cloudfoundry/docs-bosh/blob/20a41223a7ba87700424634c42e94a22a669b45e/content/azure-compute-gallery.md#L19,pipe,,,False,False,,3,2,4,True,0,False,0,0,"bold,code",0,108,61,0,False,False,**Role (Type)** | **Scope Assignment** | **Key Permissions** | **Required Actions**,reference-3-4
docs-bosh,content/init-aws.md,114,https://github.com/cloudfoundry/docs-bosh/blob/20a41223a7ba87700424634c42e94a22a669b45e/content/init-aws.md#L114,pipe,,,False,False,,6,5,4,True,0,False,0,0,,0,29,9,0,False,False,Type | Port Range | Source | Purpose,reference-3-4
docs-bosh,content/cli-ops-files.md,349,https://github.com/cloudfoundry/docs-bosh/blob/20a41223a7ba87700424634c42e94a22a669b45e/content/cli-ops-files.md#L349,pipe,,,False,False,,4,3,2,True,0,False,0,0,code,0,7,4,0,False,False,Desired | Escaped,key-value
docs-bosh,content/cpi-api-v2.md,50,https://github.com/cloudfoundry/docs-bosh/blob/20a41223a7ba87700424634c42e94a22a669b45e/content/cpi-api-v2.md#L50,pipe,,,False,False,,9,8,5,True,0,False,0,0,"bold,code",0,51,2,0,False,False,Director | CPI | Stemcell | Should update registry | Add *full agent settings** to IaaS `user-metadata`?,matrix
docs-bosh,content/prefix-delegation-networks.md,12,https://github.com/cloudfoundry/docs-bosh/blob/20a41223a7ba87700424634c42e94a22a669b45e/content/prefix-delegation-networks.md#L12,pipe,,,False,False,,2,1,3,True,0,False,0,0,,0,22,11,0,False,False,IaaS Provider | CPI Version | Status,reference-3-4
docs-bosh,content/cli-v2-diff.md,27,https://github.com/cloudfoundry/docs-bosh/blob/20a41223a7ba87700424634c42e94a22a669b45e/content/cli-v2-diff.md#L27,pipe,,,False,False,,15,14,2,True,0,False,0,0,,0,31,18,0,False,False,Before | After,key-value
docs-bosh,content/director-api-v1.md,46,https://github.com/cloudfoundry/docs-bosh/blob/20a41223a7ba87700424634c42e94a22a669b45e/content/director-api-v1.md#L46,pipe,,,False,False,,4,3,2,True,0,False,0,0,,0,37,11,0,False,False,Verb | Description,key-value
docs-bosh,content/director-tasks.md,34,https://github.com/cloudfoundry/docs-bosh/blob/20a41223a7ba87700424634c42e94a22a669b45e/content/director-tasks.md#L34,pipe,,,False,False,,3,2,6,True,0,False,0,0,,0,29,6,2,False,False,# | State | Timestamp | User | Description | Result,wide
docs-bosh,content/git-lfs-release-blobstore.md,34,https://github.com/cloudfoundry/docs-bosh/blob/20a41223a7ba87700424634c42e94a22a669b45e/content/git-lfs-release-blobstore.md#L34,pipe,,,False,False,,7,6,4,True,0,False,0,0,,0,49,9,0,False,False,Scenario | Use Git LFS | Use S3 | Rationale,reference-3-4
docs-bosh,content/links.md,527,https://github.com/cloudfoundry/docs-bosh/blob/20a41223a7ba87700424634c42e94a22a669b45e/content/links.md#L527,pipe,,,False,False,,5,4,4,True,0,False,0,0,code,0,93,9,0,False,False,Provider Name | Provider Type | Allowed | Example (below),reference-3-4
docs-bosh,content/links.md,553,https://github.com/cloudfoundry/docs-bosh/blob/20a41223a7ba87700424634c42e94a22a669b45e/content/links.md#L553,pipe,,,False,False,,5,4,3,True,0,False,0,0,,0,13,5,0,False,False,Provider Name | Provider Type | Allowed,reference-3-4
docs-bosh,content/links.md,566,https://github.com/cloudfoundry/docs-bosh/blob/20a41223a7ba87700424634c42e94a22a669b45e/content/links.md#L566,pipe,,,False,False,,5,4,3,True,0,False,0,0,,0,13,5,0,False,False,Provider Name | Provider Type | Allowed,reference-3-4
docs-bosh,content/google.md,13,https://github.com/cloudfoundry/docs-bosh/blob/20a41223a7ba87700424634c42e94a22a669b45e/content/google.md#L13,pipe,,,False,False,,9,8,2,True,0,False,0,0,"code,link",0,115,21,0,False,False,BOSH | Google Cloud Platform,key-value
docs-bosh,content/google.md,33,https://github.com/cloudfoundry/docs-bosh/blob/20a41223a7ba87700424634c42e94a22a669b45e/content/google.md#L33,pipe,,,False,False,,4,3,2,True,0,False,0,0,,0,27,12,0,False,False,Network Type | Support,key-value
docs-bosh,content/google.md,41,https://github.com/cloudfoundry/docs-bosh/blob/20a41223a7ba87700424634c42e94a22a669b45e/content/google.md#L41,pipe,,,False,False,,5,4,2,True,0,False,0,0,,0,41,18,0,False,False,Feature | Support,key-value
docs-bosh,content/openstack.md,30,https://github.com/cloudfoundry/docs-bosh/blob/20a41223a7ba87700424634c42e94a22a669b45e/content/openstack.md#L30,pipe,,,False,False,,10,9,2,True,0,False,0,0,link,0,184,17,0,False,False,BOSH | OpenStack,key-value
docs-bosh,content/openstack.md,51,https://github.com/cloudfoundry/docs-bosh/blob/20a41223a7ba87700424634c42e94a22a669b45e/content/openstack.md#L51,pipe,,,False,False,,4,3,2,True,0,False,0,0,,0,30,12,0,False,False,Network Type | Support,key-value
docs-bosh,content/openstack.md,59,https://github.com/cloudfoundry/docs-bosh/blob/20a41223a7ba87700424634c42e94a22a669b45e/content/openstack.md#L59,pipe,,,False,False,,5,4,2,True,0,False,0,0,,0,36,18,0,False,False,Feature | Support,key-value
docs-bosh,content/pre-stop.md,53,https://github.com/cloudfoundry/docs-bosh/blob/20a41223a7ba87700424634c42e94a22a669b45e/content/pre-stop.md#L53,pipe,,,False,False,,5,4,2,True,0,False,0,0,"br,code",0,109,59,0,False,False,Values | Possible Causes,key-value
docs-bosh,content/aws.md,13,https://github.com/cloudfoundry/docs-bosh/blob/20a41223a7ba87700424634c42e94a22a669b45e/content/aws.md#L13,pipe,,,False,False,,9,8,2,True,0,False,0,0,link,0,117,19,0,False,False,BOSH | Amazon Web Services,key-value
docs-bosh,content/aws.md,33,https://github.com/cloudfoundry/docs-bosh/blob/20a41223a7ba87700424634c42e94a22a669b45e/content/aws.md#L33,pipe,,,False,False,,4,3,2,True,0,False,0,0,,0,27,12,0,False,False,Network Type | Support,key-value
docs-bosh,content/aws.md,46,https://github.com/cloudfoundry/docs-bosh/blob/20a41223a7ba87700424634c42e94a22a669b45e/content/aws.md#L46,pipe,,,False,False,,7,6,4,True,0,False,0,0,,0,43,9,0,False,False,Platform | Disk Type | Encryption | Customer-managed Keys,reference-3-4
docs-bosh,content/aws.md,66,https://github.com/cloudfoundry/docs-bosh/blob/20a41223a7ba87700424634c42e94a22a669b45e/content/aws.md#L66,pipe,,,False,False,,5,4,2,True,0,False,0,0,,0,33,18,0,False,False,Feature | Support,key-value
docs-bosh,content/stemcell-lines.md,28,https://github.com/cloudfoundry/docs-bosh/blob/20a41223a7ba87700424634c42e94a22a669b45e/content/stemcell-lines.md#L28,pipe,,,False,False,,5,4,5,True,0,False,0,0,"code,link",0,48,19,0,False,False,Stemcell line | Operating system / version | Upstream release date | Standard support ends | Stemcell status,wide
docs-bosh,content/vsphere-esxi-host-failure.md,21,https://github.com/cloudfoundry/docs-bosh/blob/20a41223a7ba87700424634c42e94a22a669b45e/content/vsphere-esxi-host-failure.md#L21,pipe,,,False,False,,5,4,4,True,0,False,0,0,,0,39,12,0,False,False,Name | OS | Version | CID,reference-3-4
docs-bosh,content/azure.md,16,https://github.com/cloudfoundry/docs-bosh/blob/20a41223a7ba87700424634c42e94a22a669b45e/content/azure.md#L16,pipe,,,False,False,,9,8,2,True,0,False,0,0,link,0,78,17,0,False,False,BOSH | Microsoft Azure,key-value
docs-bosh,content/azure.md,44,https://github.com/cloudfoundry/docs-bosh/blob/20a41223a7ba87700424634c42e94a22a669b45e/content/azure.md#L44,pipe,,,False,False,,4,3,2,True,0,False,0,0,,0,30,12,0,False,False,Network Type | Support,key-value
docs-bosh,content/azure.md,60,https://github.com/cloudfoundry/docs-bosh/blob/20a41223a7ba87700424634c42e94a22a669b45e/content/azure.md#L60,pipe,,,False,False,,4,3,3,True,0,False,0,0,,0,21,17,0,False,False,Disk Type | Encryption | Customer-managed Keys,reference-3-4
docs-bosh,content/azure.md,72,https://github.com/cloudfoundry/docs-bosh/blob/20a41223a7ba87700424634c42e94a22a669b45e/content/azure.md#L72,pipe,,,False,False,,4,3,3,True,0,False,0,0,,0,21,14,0,False,False,Disk Type | Encryption | Customer-managed Keys,reference-3-4
docs-bosh,content/azure.md,87,https://github.com/cloudfoundry/docs-bosh/blob/20a41223a7ba87700424634c42e94a22a669b45e/content/azure.md#L87,pipe,,,False,False,,6,5,2,True,0,False,0,0,,0,38,18,0,False,False,Feature | Support,key-value
docs-buildpacks,hwc/index.html.md.erb,23,https://github.com/cloudfoundry/docs-buildpacks/blob/239e5c8676200914c4d386970f9989e46de9e969/hwc/index.html.md.erb#L23,html,"""table""","class=""table""",False,False,,4,3,2,True,0,False,0,0,link,0,33,12,0,False,False,Type of .NET App | Buildpack | .NET Console | Binary,key-value
docs-buildpacks,archive/system-buildpacks.html.md.erb,12,https://github.com/cloudfoundry/docs-buildpacks/blob/239e5c8676200914c4d386970f9989e46de9e969/archive/system-buildpacks.html.md.erb#L12,html,"""table""","class=""table""",False,False,,13,12,3,True,0,False,0,0,"link,paragraph",0,66,9,0,False,False,"Name | Supported Languages, Frameworks, and Technologies | GitHub Repository | Binary",reference-3-4
docs-buildpacks,staticfile/index.html.md.erb,36,https://github.com/cloudfoundry/docs-buildpacks/blob/239e5c8676200914c4d386970f9989e46de9e969/staticfile/index.html.md.erb#L36,html,"""table""","class=""table""",False,False,,14,13,2,True,0,False,0,1,"bold,br,code,italic,link,paragraph",0,551,92,0,False,False,Staticfile configuration property | Description | root: YOUR-DIRECTORY-NAME Example: root: public | Alternative root: Specifies a root directory other than the ,key-value
docs-buildpacks,java/configuring-service-connections.html.md.erb,16,https://github.com/cloudfoundry/docs-buildpacks/blob/239e5c8676200914c4d386970f9989e46de9e969/java/configuring-service-connections.html.md.erb#L16,pipe,,,False,False,,9,8,3,True,0,False,0,0,"code,link",0,291,17,0,False,False,Module | Description | Includes,reference-3-4
docs-buildpacks,java/getting-started-deploying-apps/gsg-ratpack.html.md.erb,32,https://github.com/cloudfoundry/docs-buildpacks/blob/239e5c8676200914c4d386970f9989e46de9e969/java/getting-started-deploying-apps/gsg-ratpack.html.md.erb#L32,html,"""table""","class=""table""",False,False,,3,2,3,True,0,False,0,0,"bold,code,link",0,34,12,0,False,False,Build Tool | Build Script | Documentation | Gradle,reference-3-4
docs-buildpacks,java/getting-started-deploying-apps/gsg-spring.html.md.erb,41,https://github.com/cloudfoundry/docs-buildpacks/blob/239e5c8676200914c4d386970f9989e46de9e969/java/getting-started-deploying-apps/gsg-spring.html.md.erb#L41,html,"""table""","class=""table""",False,False,,3,2,3,True,0,False,0,0,"bold,code,link",0,34,12,0,False,False,Build Tool | Build Script | Documentation | Gradle,reference-3-4
docs-buildpacks,java/getting-started-deploying-apps/gsg-grails.html.md.erb,32,https://github.com/cloudfoundry/docs-buildpacks/blob/239e5c8676200914c4d386970f9989e46de9e969/java/getting-started-deploying-apps/gsg-grails.html.md.erb#L32,html,"""table""","class=""table""",False,False,,4,3,3,True,0,False,0,0,"bold,code,link",0,47,12,0,False,False,Build Tool | Build Script | Documentation | Gradle,reference-3-4
docs-buildpacks,php/gsg-php-config.html.md.erb,23,https://github.com/cloudfoundry/docs-buildpacks/blob/239e5c8676200914c4d386970f9989e46de9e969/php/gsg-php-config.html.md.erb#L23,pipe,,,False,False,,14,13,2,True,0,False,0,0,"br,code,link",0,294,26,0,False,False,Variable | Explanation,key-value
docs-buildpacks,php/gsg-php-composer.html.md.erb,15,https://github.com/cloudfoundry/docs-buildpacks/blob/239e5c8676200914c4d386970f9989e46de9e969/php/gsg-php-composer.html.md.erb#L15,pipe,,,False,False,,9,8,2,True,0,False,0,0,,0,43,16,0,False,False,Example | Expected Version,key-value
docs-buildpacks,php/gsg-php-composer.html.md.erb,31,https://github.com/cloudfoundry/docs-buildpacks/blob/239e5c8676200914c4d386970f9989e46de9e969/php/gsg-php-composer.html.md.erb#L31,pipe,,,False,False,,6,5,2,True,0,False,0,0,code,0,369,24,0,False,False,Variable | Explanation,key-value
docs-buildpacks,binary/index.html.md.erb,150,https://github.com/cloudfoundry/docs-buildpacks/blob/239e5c8676200914c4d386970f9989e46de9e969/binary/index.html.md.erb#L150,html,"""table""","class=""table""",False,False,,3,2,2,True,0,False,0,0,"br,link",0,88,16,0,False,False,Type of .NET App | Buildpack | ASP.NET MVC ASP.NET Web Forms ASP.NET WebAPI Apps Windows Communication Foundation (WCF) | HWC,key-value
docs-buildpacks,node/node-environment.html.md.erb,16,https://github.com/cloudfoundry/docs-buildpacks/blob/239e5c8676200914c4d386970f9989e46de9e969/node/node-environment.html.md.erb#L16,pipe,,,False,False,,4,3,2,True,0,False,0,0,code,0,104,20,0,False,False,Environment Variable | Description,key-value
docs-buildpacks,ruby/ruby-tips.html.md.erb,109,https://github.com/cloudfoundry/docs-buildpacks/blob/239e5c8676200914c4d386970f9989e46de9e969/ruby/ruby-tips.html.md.erb#L109,pipe,,,False,False,,4,3,2,True,0,False,0,0,link,0,252,61,0,False,False,Library | Description,key-value
docs-buildpacks,ruby/ruby-environment.html.md.erb,17,https://github.com/cloudfoundry/docs-buildpacks/blob/239e5c8676200914c4d386970f9989e46de9e969/ruby/ruby-environment.html.md.erb#L17,pipe,,,False,False,,10,9,2,True,0,False,0,0,code,0,571,20,0,False,False,Environment Variable | Description,key-value
docs-buildpacks,dotnet-core/index.html.md.erb,22,https://github.com/cloudfoundry/docs-buildpacks/blob/239e5c8676200914c4d386970f9989e46de9e969/dotnet-core/index.html.md.erb#L22,html,"""table""","class=""table""",False,False,,4,3,2,True,0,False,0,0,"br,link",0,88,12,0,False,False,Type of .NET App | Buildpack | ASP.NET MVC ASP.NET Web Forms ASP.NET WebAPI Apps Windows Communication Foundation (WCF) | HWC,key-value
docs-cf-admin,configure-lb-healthcheck.html.md.erb,53,https://github.com/cloudfoundry/docs-cf-admin/blob/13826fa7d93eee66902c4a2187a96b884137b58a/configure-lb-healthcheck.html.md.erb#L53,html,,,False,False,,10,9,2,True,0,False,0,0,list,0,395,11,0,True,False,Step | Description | 1 | A shutdown request is sent to the router.,key-value
docs-cf-admin,metadata.html.md.erb,56,https://github.com/cloudfoundry/docs-cf-admin/blob/13826fa7d93eee66902c4a2187a96b884137b58a/metadata.html.md.erb#L56,html,"""table""","class=""table""",False,False,,5,4,4,True,1,True,1,1,"code,list",0,70,18,0,False,False,Label requirements | Part of Label | Length in characters | Allowed characters,titled
docs-cf-admin,metadata.html.md.erb,121,https://github.com/cloudfoundry/docs-cf-admin/blob/13826fa7d93eee66902c4a2187a96b884137b58a/metadata.html.md.erb#L121,html,"""table""","class=""table""",False,False,,5,4,4,True,1,True,1,1,"code,list",0,57,18,0,False,False,Annotation Requirements | Part of Annotation | Length in characters | Allowed characters,titled
docs-cf-admin,metadata.html.md.erb,370,https://github.com/cloudfoundry/docs-cf-admin/blob/13826fa7d93eee66902c4a2187a96b884137b58a/metadata.html.md.erb#L370,pipe,,,False,False,,7,6,3,True,0,False,0,0,code,0,84,13,0,False,False,Requirement | Format | Description,reference-3-4
docs-cf-admin,quota-plans.html.md.erb,28,https://github.com/cloudfoundry/docs-cf-admin/blob/13826fa7d93eee66902c4a2187a96b884137b58a/quota-plans.html.md.erb#L28,html,,,False,False,,15,14,4,True,0,False,0,0,"bold,code",0,108,13,0,False,False,Name | Description | Valid Values | Example Value,reference-3-4
docs-cf-admin,troubleshooting-router-error-responses.html.md.erb,49,https://github.com/cloudfoundry/docs-cf-admin/blob/13826fa7d93eee66902c4a2187a96b884137b58a/troubleshooting-router-error-responses.html.md.erb#L49,html,"""table""","class=""table""",False,False,,5,4,3,True,0,False,0,0,code,0,118,31,0,True,False,Message | Description | Examples | fatal,reference-3-4
docs-cf-admin,troubleshooting-router-error-responses.html.md.erb,88,https://github.com/cloudfoundry/docs-cf-admin/blob/13826fa7d93eee66902c4a2187a96b884137b58a/troubleshooting-router-error-responses.html.md.erb#L88,html,"""table""","class=""table""",False,False,,6,5,2,True,0,False,0,0,code,0,55,11,0,False,False,Property | Description | log_level | Logging level of the message,key-value
docs-cf-admin,troubleshooting-router-error-responses.html.md.erb,314,https://github.com/cloudfoundry/docs-cf-admin/blob/13826fa7d93eee66902c4a2187a96b884137b58a/troubleshooting-router-error-responses.html.md.erb#L314,html,"""table""","class=""table""",False,False,,10,9,5,True,0,False,0,5,"br,code,italic,link",0,191,8,0,True,False,Error Type | Status Code | Can be re‑tried? | Source of Issue,wide
docs-cf-admin,troubleshooting-router-error-responses.html.md.erb,414,https://github.com/cloudfoundry/docs-cf-admin/blob/13826fa7d93eee66902c4a2187a96b884137b58a/troubleshooting-router-error-responses.html.md.erb#L414,pipe,,,False,False,,9,8,2,True,0,False,0,0,code,0,229,30,0,False,False,Value | Description,key-value
docs-cf-admin,routing-is.html.md.erb,347,https://github.com/cloudfoundry/docs-cf-admin/blob/13826fa7d93eee66902c4a2187a96b884137b58a/routing-is.html.md.erb#L347,html,"""table""","class=""table""",False,False,,7,6,5,True,0,False,0,5,code,0,288,26,0,True,False,Rule Name | Source | Allowed Protocols/Ports | Destination,wide
docs-cf-admin,routing-is.html.md.erb,403,https://github.com/cloudfoundry/docs-cf-admin/blob/13826fa7d93eee66902c4a2187a96b884137b58a/routing-is.html.md.erb#L403,html,"""table""","class=""table""",False,False,,3,2,5,True,0,False,0,5,code,0,144,14,0,False,False,Rule Name | Source | Allowed Protocols/Ports | Destination,wide
docs-cf-admin,routing-is.html.md.erb,440,https://github.com/cloudfoundry/docs-cf-admin/blob/13826fa7d93eee66902c4a2187a96b884137b58a/routing-is.html.md.erb#L440,html,"""table""","class=""table""",False,False,,28,27,4,True,0,False,0,1,code,0,72,5,0,False,False,Protocol | Port | Process | Manifest Property,matrix
docs-cf-admin,routing-is.html.md.erb,639,https://github.com/cloudfoundry/docs-cf-admin/blob/13826fa7d93eee66902c4a2187a96b884137b58a/routing-is.html.md.erb#L639,pipe,,,False,False,,7,6,3,True,0,False,0,0,code,0,162,11,0,False,False,Sharding Mode | Isolation Segments | Routes Registered,reference-3-4
docs-cf-admin,securing-traffic.html.md.erb,23,https://github.com/cloudfoundry/docs-cf-admin/blob/13826fa7d93eee66902c4a2187a96b884137b58a/securing-traffic.html.md.erb#L23,html,"""table""","class=""table""",False,False,,4,3,3,True,0,False,0,0,"bold,link,list",0,256,41,0,True,False,If the following applies to you: | Then configure TLS termination at: | Related topic and configuration procedure | You want the optimum balance of performance ,reference-3-4
docs-cf-admin,securing-traffic.html.md.erb,125,https://github.com/cloudfoundry/docs-cf-admin/blob/13826fa7d93eee66902c4a2187a96b884137b58a/securing-traffic.html.md.erb#L125,pipe,,,False,False,,6,5,3,True,0,False,0,0,,0,44,26,0,False,False,TLS Version | RFC | OpenSSL,reference-3-4
docs-cf-admin,securing-traffic.html.md.erb,155,https://github.com/cloudfoundry/docs-cf-admin/blob/13826fa7d93eee66902c4a2187a96b884137b58a/securing-traffic.html.md.erb#L155,pipe,,,False,False,,19,18,2,True,0,False,0,0,,0,46,29,0,False,False,RFC | OpenSSL,key-value
docs-cf-admin,securing-traffic.html.md.erb,180,https://github.com/cloudfoundry/docs-cf-admin/blob/13826fa7d93eee66902c4a2187a96b884137b58a/securing-traffic.html.md.erb#L180,pipe,,,False,False,,5,4,2,True,0,False,0,0,,0,35,12,0,False,False,RFC | OpenSSL,key-value
docs-cf-admin,stack-auditor.html.md.erb,13,https://github.com/cloudfoundry/docs-cf-admin/blob/13826fa7d93eee66902c4a2187a96b884137b58a/stack-auditor.html.md.erb#L13,html,"""table""","class=""table""",False,False,,8,7,2,True,0,False,0,0,"br,link",0,162,11,0,False,False,Stage | Description | 1 | Operator audits stack usage to determine which apps need to be migrated. See List Apps and Their Stacks.,key-value
docs-cf-admin,troubleshooting_slow_requests.html.md.erb,69,https://github.com/cloudfoundry/docs-cf-admin/blob/13826fa7d93eee66902c4a2187a96b884137b58a/troubleshooting_slow_requests.html.md.erb#L69,html,"""table""","class=""table""",False,False,,5,4,3,True,0,False,0,0,code,0,174,41,0,True,False,Result | Explanation | Action | The output shows latency.,reference-3-4
docs-cf-admin,troubleshooting_slow_requests.html.md.erb,149,https://github.com/cloudfoundry/docs-cf-admin/blob/13826fa7d93eee66902c4a2187a96b884137b58a/troubleshooting_slow_requests.html.md.erb#L149,html,"""table""","class=""table""",False,False,,5,4,3,True,0,False,0,2,code,0,203,54,0,False,False,Result | Explanation | Action | The output shows latency within gorouter_time.,reference-3-4
docs-cf-admin,troubleshooting_slow_requests.html.md.erb,210,https://github.com/cloudfoundry/docs-cf-admin/blob/13826fa7d93eee66902c4a2187a96b884137b58a/troubleshooting_slow_requests.html.md.erb#L210,html,"""table""","class=""table""",False,False,,3,2,3,True,0,False,0,1,,0,120,33,0,False,False,Result | Explanation | Action | The output shows latency.,reference-3-4
docs-cf-admin,troubleshooting_slow_requests.html.md.erb,275,https://github.com/cloudfoundry/docs-cf-admin/blob/13826fa7d93eee66902c4a2187a96b884137b58a/troubleshooting_slow_requests.html.md.erb#L275,html,"""table""","class=""table""",False,False,,3,2,3,True,0,False,0,1,,0,220,33,0,False,False,Result | Explanation | Action | The output shows latency.,reference-3-4
docs-cf-admin,troubleshooting_slow_requests.html.md.erb,330,https://github.com/cloudfoundry/docs-cf-admin/blob/13826fa7d93eee66902c4a2187a96b884137b58a/troubleshooting_slow_requests.html.md.erb#L330,html,"""table""","class=""table""",False,False,,3,2,3,True,0,False,0,2,link,0,120,28,0,False,False,Result | Explanation | Action | The output shows latency.,reference-3-4
docs-cf-admin,troubleshooting_slow_requests.html.md.erb,395,https://github.com/cloudfoundry/docs-cf-admin/blob/13826fa7d93eee66902c4a2187a96b884137b58a/troubleshooting_slow_requests.html.md.erb#L395,html,"""table""","class=""table""",False,False,,3,2,3,True,0,False,0,2,link,0,215,32,0,False,False,Result | Explanation | Action | The output shows latency.,reference-3-4
docs-cf-admin,cli-user-management.html.md.erb,22,https://github.com/cloudfoundry/docs-cf-admin/blob/13826fa7d93eee66902c4a2187a96b884137b58a/cli-user-management.html.md.erb#L22,html,,,False,False,,6,5,3,True,0,False,0,0,code,0,85,29,0,False,False,FUNCTION | COMMAND | EXAMPLE | Create a new user,reference-3-4
docs-cf-admin,cli-user-management.html.md.erb,76,https://github.com/cloudfoundry/docs-cf-admin/blob/13826fa7d93eee66902c4a2187a96b884137b58a/cli-user-management.html.md.erb#L76,html,"""table""","class=""table""",False,False,,5,4,3,True,0,False,0,0,code,0,49,30,0,False,False,FUNCTION | COMMAND | EXAMPLE | View the organizations belonging to an account.,reference-3-4
docs-cf-admin,cli-user-management.html.md.erb,115,https://github.com/cloudfoundry/docs-cf-admin/blob/13826fa7d93eee66902c4a2187a96b884137b58a/cli-user-management.html.md.erb#L115,html,"""table""","class=""table""",False,False,,5,4,3,True,0,False,0,0,code,0,65,32,0,False,False,FUNCTION | COMMAND | EXAMPLE | View the spaces in an org.,reference-3-4
docs-cf-admin,managing-stacks.html.md.erb,17,https://github.com/cloudfoundry/docs-cf-admin/blob/13826fa7d93eee66902c4a2187a96b884137b58a/managing-stacks.html.md.erb#L17,pipe,,,False,False,,5,4,2,True,0,False,0,0,code,0,123,12,0,False,False,State | Description,key-value
docs-cf-admin,managing-stacks.html.md.erb,28,https://github.com/cloudfoundry/docs-cf-admin/blob/13826fa7d93eee66902c4a2187a96b884137b58a/managing-stacks.html.md.erb#L28,pipe,,,False,False,,5,4,5,True,0,False,0,0,,0,20,3,0,False,False,Operation | ACTIVE | DEPRECATED | RESTRICTED | DISABLED,matrix
docs-cf-admin,managing-stacks.html.md.erb,183,https://github.com/cloudfoundry/docs-cf-admin/blob/13826fa7d93eee66902c4a2187a96b884137b58a/managing-stacks.html.md.erb#L183,pipe,,,False,False,,8,7,3,True,0,False,0,0,code,0,84,23,2,False,False,Stage | Action | Operator command,reference-3-4
docs-cf-admin,examining_grootfs_disk.html.md.erb,28,https://github.com/cloudfoundry/docs-cf-admin/blob/13826fa7d93eee66902c4a2187a96b884137b58a/examining_grootfs_disk.html.md.erb#L28,html,"""table""","class=""table""",False,False,,3,2,2,True,0,False,0,0,,0,179,72,0,False,False,"If... | Then... | the Diego cell rep appears to be out of disk capacity, but the actual disk usage on the Garden host is low | Diego does not schedule container",key-value
docs-cf-cli,v8.html.md.erb,74,https://github.com/cloudfoundry/docs-cf-cli/blob/ee9aad56524157ae2316c00149b75737439235dc/v8.html.md.erb#L74,html,"""table""","class=""table""",False,False,,31,30,2,True,0,False,0,31,"bold,code,link,list",0,600,36,0,False,False,Command | Changes | cf auth | [Update] (v8.12.0): Now supports token-based authentication in addition to username/password. Use --client-credentials with a clie,key-value
docs-cloudfoundry-concepts,glossary.html.md.erb,10,https://github.com/cloudfoundry/docs-cloudfoundry-concepts/blob/97e0d0b25f059c06edd25e30355d26eb93dc560a/glossary.html.md.erb#L10,pipe,,,False,False,,17,16,2,True,0,False,0,0,code,0,372,22,0,True,False,Term | Definition,key-value
docs-cloudfoundry-concepts,identity-aware-routing.html.md.erb,31,https://github.com/cloudfoundry/docs-cloudfoundry-concepts/blob/97e0d0b25f059c06edd25e30355d26eb93dc560a/identity-aware-routing.html.md.erb#L31,html,,,False,False,,5,4,2,True,0,False,0,0,"code,list",0,508,26,0,True,False,Part | Function | Gorouter (per-domain mTLS) | Terminates mTLS for domains configured under router.domains. For each such domain it: Requires a client certifica,key-value
docs-cloudfoundry-concepts,identity-aware-routing.html.md.erb,106,https://github.com/cloudfoundry/docs-cloudfoundry-concepts/blob/97e0d0b25f059c06edd25e30355d26eb93dc560a/identity-aware-routing.html.md.erb#L106,html,,,False,False,,5,4,3,True,0,False,0,0,code,0,53,16,0,True,False,Source | Friendly flag | Raw value | A specific app,reference-3-4
docs-cloudfoundry-concepts,identity-aware-routing.html.md.erb,157,https://github.com/cloudfoundry/docs-cloudfoundry-concepts/blob/97e0d0b25f059c06edd25e30355d26eb93dc560a/identity-aware-routing.html.md.erb#L157,html,,,False,False,,3,2,3,True,0,False,0,0,code,0,55,13,0,False,False,Format | Header contents | Approximate size | raw (default),reference-3-4
docs-cloudfoundry-concepts,identity-aware-routing.html.md.erb,191,https://github.com/cloudfoundry/docs-cloudfoundry-concepts/blob/97e0d0b25f059c06edd25e30355d26eb93dc560a/identity-aware-routing.html.md.erb#L191,html,,,False,False,,7,6,4,True,0,False,0,0,,0,74,26,1,False,False, | Identity-aware routing | C2C networking | ASGs,reference-3-4
docs-cloudfoundry-concepts,identity-aware-routing.html.md.erb,259,https://github.com/cloudfoundry/docs-cloudfoundry-concepts/blob/97e0d0b25f059c06edd25e30355d26eb93dc560a/identity-aware-routing.html.md.erb#L259,html,,,False,False,,6,5,2,True,0,False,0,0,code,0,135,15,0,False,False,"Field | Meaning | caller_cf_app | The caller's app GUID, from the validated client certificate.",key-value
docs-cloudfoundry-concepts,container-security.html.md.erb,65,https://github.com/cloudfoundry/docs-cloudfoundry-concepts/blob/97e0d0b25f059c06edd25e30355d26eb93dc560a/container-security.html.md.erb#L65,pipe,,,False,False,,6,5,4,True,0,False,0,0,link,0,147,13,0,False,False,variable name | default value | configurable? | link to property,reference-3-4
docs-cloudfoundry-concepts,container-security.html.md.erb,109,https://github.com/cloudfoundry/docs-cloudfoundry-concepts/blob/97e0d0b25f059c06edd25e30355d26eb93dc560a/container-security.html.md.erb#L109,pipe,,,False,False,,3,2,4,True,0,False,0,0,link,0,132,13,0,False,False,variable name | default value | configurable? | link to property,reference-3-4
docs-cloudfoundry-concepts,understand-cf-networking.html.md.erb,32,https://github.com/cloudfoundry/docs-cloudfoundry-concepts/blob/97e0d0b25f059c06edd25e30355d26eb93dc560a/understand-cf-networking.html.md.erb#L32,html,,,False,False,,3,2,2,True,0,False,0,0,list,0,341,25,0,False,False,Part | Function | Policy Server | A central management node that: Maintains a database of policies for traffic between apps. The cf CLI calls an API to create o,key-value
docs-cloudfoundry-concepts,understand-cf-networking.html.md.erb,65,https://github.com/cloudfoundry/docs-cloudfoundry-concepts/blob/97e0d0b25f059c06edd25e30355d26eb93dc560a/understand-cf-networking.html.md.erb#L65,html,,,False,False,,3,2,2,True,0,False,0,0,"br,list",0,316,18,0,False,False,Part | Function | Silk CNI plug-in | A plug-in that provides IP address management and network connectivity to app instances as follows: Uses a shared VXLAN ove,key-value
docs-cloudfoundry-concepts,understand-cf-networking.html.md.erb,167,https://github.com/cloudfoundry/docs-cloudfoundry-concepts/blob/97e0d0b25f059c06edd25e30355d26eb93dc560a/understand-cf-networking.html.md.erb#L167,html,,,False,False,,6,5,3,True,5,False,0,0,,0,60,18,1,False,False, | ASGs | Container-to-Container Networking Policies | Policy granularity,reference-3-4
docs-cloudfoundry-concepts,cf-routing-architecture.html.md.erb,16,https://github.com/cloudfoundry/docs-cloudfoundry-concepts/blob/97e0d0b25f059c06edd25e30355d26eb93dc560a/cf-routing-architecture.html.md.erb#L16,pipe,,,False,False,,13,12,2,True,0,False,0,0,,0,332,16,0,True,False,Component Name | Summary,key-value
docs-cloudfoundry-concepts,_oss_scale_table.html.md.erb,5,https://github.com/cloudfoundry/docs-cloudfoundry-concepts/blob/97e0d0b25f059c06edd25e30355d26eb93dc560a/_oss_scale_table.html.md.erb#L5,html,,,False,False,25%;25%;50%,14,13,3,True,0,False,0,0,"bold,code",0,460,10,2,True,False,Component | Total Instances | Notes | Diego Cell,reference-3-4
docs-cloudfoundry-concepts,_suspended_org_roles_table.html.md.erb,1,https://github.com/cloudfoundry/docs-cloudfoundry-concepts/blob/97e0d0b25f059c06edd25e30355d26eb93dc560a/_suspended_org_roles_table.html.md.erb#L1,html,,id='oss-roles-permissions',False,False,,24,23,11,True,0,False,0,0,,0,80,0,157,False,True,User Role | Admin | Admin Read-Only | Global Auditor,matrix
docs-cloudfoundry-concepts,cc-blobstore.html.md.erb,9,https://github.com/cloudfoundry/docs-cloudfoundry-concepts/blob/97e0d0b25f059c06edd25e30355d26eb93dc560a/cc-blobstore.html.md.erb#L9,html,,,False,False,,6,5,3,True,0,False,0,0,code,0,284,14,0,True,False,Blob Type | Description | Location in Blobstore | App Packages,reference-3-4
docs-cloudfoundry-concepts,http-routing.html.md.erb,126,https://github.com/cloudfoundry/docs-cloudfoundry-concepts/blob/97e0d0b25f059c06edd25e30355d26eb93dc560a/http-routing.html.md.erb#L126,html,,,False,False,,3,2,3,True,0,False,0,3,code,0,154,22,0,False,False,X-Cf-Routererror Value | Reason for Error | Response Body | invalid_cf_app_instance_header,reference-3-4
docs-cloudfoundry-concepts,http-routing.html.md.erb,201,https://github.com/cloudfoundry/docs-cloudfoundry-concepts/blob/97e0d0b25f059c06edd25e30355d26eb93dc560a/http-routing.html.md.erb#L201,html,,,False,False,,3,2,3,True,0,False,0,3,code,0,158,22,0,False,False,X-Cf-Routererror Value | Reason for Error | Response Body | invalid_cf_process_instance_header,reference-3-4
docs-cloudfoundry-concepts,http-routing.html.md.erb,467,https://github.com/cloudfoundry/docs-cloudfoundry-concepts/blob/97e0d0b25f059c06edd25e30355d26eb93dc560a/http-routing.html.md.erb#L467,html,,,False,False,,4,3,3,True,0,False,0,0,,0,120,47,0,False,False,If the Gorouter... | and the back end... | then the Gorouter... | cannot establish a TCP connection to a back end,reference-3-4
docs-cloudfoundry-concepts,_suspended_space_roles_table.html.md.erb,1,https://github.com/cloudfoundry/docs-cloudfoundry-concepts/blob/97e0d0b25f059c06edd25e30355d26eb93dc560a/_suspended_space_roles_table.html.md.erb#L1,html,,id='oss-suspended-space-roles-permissions',False,False,,15,14,12,True,0,False,0,0,bold,0,80,0,96,False,True,User Role | Admin | Admin Read-Only | Global Auditor,matrix
docs-cloudfoundry-concepts,asg.html.md.erb,69,https://github.com/cloudfoundry/docs-cloudfoundry-concepts/blob/97e0d0b25f059c06edd25e30355d26eb93dc560a/asg.html.md.erb#L69,pipe,,,False,False,,5,4,2,True,0,False,0,0,,0,71,31,0,False,False,When an ASG is bound to the... | the ASG rules are applied to...,key-value
docs-cloudfoundry-concepts,asg.html.md.erb,86,https://github.com/cloudfoundry/docs-cloudfoundry-concepts/blob/97e0d0b25f059c06edd25e30355d26eb93dc560a/asg.html.md.erb#L86,pipe,,,False,False,,8,7,3,True,0,False,0,0,"code,link",0,333,13,1,False,False,Attribute | Description | Notes,reference-3-4
docs-cloudfoundry-concepts,asg.html.md.erb,103,https://github.com/cloudfoundry/docs-cloudfoundry-concepts/blob/97e0d0b25f059c06edd25e30355d26eb93dc560a/asg.html.md.erb#L103,pipe,,,False,False,,6,5,3,True,0,False,0,0,link,0,94,24,0,False,False,"&nbsp; | Task | For more information, see:",reference-3-4
docs-cloudfoundry-concepts,asg.html.md.erb,123,https://github.com/cloudfoundry/docs-cloudfoundry-concepts/blob/97e0d0b25f059c06edd25e30355d26eb93dc560a/asg.html.md.erb#L123,pipe,,,False,False,,5,4,2,True,0,False,0,0,code,0,66,28,0,False,False,Command | Output,key-value
docs-cloudfoundry-concepts,asg.html.md.erb,338,https://github.com/cloudfoundry/docs-cloudfoundry-concepts/blob/97e0d0b25f059c06edd25e30355d26eb93dc560a/asg.html.md.erb#L338,pipe,,,False,False,,7,6,2,True,0,False,0,0,"code,link",0,93,18,0,True,False,ASG | For access to:,key-value
docs-cloudfoundry-concepts,overview.html.md.erb,104,https://github.com/cloudfoundry/docs-cloudfoundry-concepts/blob/97e0d0b25f059c06edd25e30355d26eb93dc560a/overview.html.md.erb#L104,html,,,False,False,,3,2,2,True,0,False,0,1,list,0,296,17,0,True,False,"Server | Purpose | First UAA server | Grants access to BOSHHolds accounts for <%= vars.ops_manager %> operators who deploy runtimes, services, and other softwar",key-value
docs-cloudfoundry-concepts,overview.html.md.erb,125,https://github.com/cloudfoundry/docs-cloudfoundry-concepts/blob/97e0d0b25f059c06edd25e30355d26eb93dc560a/overview.html.md.erb#L125,html,,,False,False,,4,3,2,True,0,False,0,0,list,0,79,26,0,False,False,Resource | Storage Location | Source codeBuildpacksDocumentationCustom configurationsOther platform resources | GitHub,key-value
docs-cloudfoundry-concepts,overview.html.md.erb,167,https://github.com/cloudfoundry/docs-cloudfoundry-concepts/blob/97e0d0b25f059c06edd25e30355d26eb93dc560a/overview.html.md.erb#L167,html,,,False,False,,4,3,2,True,0,False,0,0,,0,46,11,0,True,False,Log Type | Destination | <%= vars.app_runtime_abbr %> component logs | Rsyslog agents,key-value
docs-cloudfoundry-concepts,_oss_roles_table.html.md.erb,1,https://github.com/cloudfoundry/docs-cloudfoundry-concepts/blob/97e0d0b25f059c06edd25e30355d26eb93dc560a/_oss_roles_table.html.md.erb#L1,html,,id='oss-roles-permissions',False,False,,43,42,12,True,0,False,0,0,bold,0,80,0,282,False,False,Activity | Admin | Admin Read-Only | Global Auditor,matrix
docs-cloudfoundry-concepts,orgs-and-spaces.html.md.erb,28,https://github.com/cloudfoundry/docs-cloudfoundry-concepts/blob/97e0d0b25f059c06edd25e30355d26eb93dc560a/orgs-and-spaces.html.md.erb#L28,html,,,False,False,,4,3,5,True,0,False,0,0,,0,97,11,0,True,False,<%= vars.app_runtime_abbr %> Layer | Challenge to Maintain | Contains | Description,wide
docs-cloudfoundry-concepts,orgs-and-spaces.html.md.erb,100,https://github.com/cloudfoundry/docs-cloudfoundry-concepts/blob/97e0d0b25f059c06edd25e30355d26eb93dc560a/orgs-and-spaces.html.md.erb#L100,html,,,False,False,,3,2,2,True,0,False,0,0,,0,35,24,0,True,False,"<%= vars.app_runtime_abbr %> Layer | Examples of Environments | Foundations | Production, Non-production, Sandbox",key-value
docs-cloudfoundry-concepts,orgs-and-spaces.html.md.erb,123,https://github.com/cloudfoundry/docs-cloudfoundry-concepts/blob/97e0d0b25f059c06edd25e30355d26eb93dc560a/orgs-and-spaces.html.md.erb#L123,html,,,False,False,,4,3,2,True,0,False,0,0,list,0,312,34,0,True,False,"<%= vars.app_runtime_abbr %> Layer | Questions to Consider | Foundation | How many foundations can your platform team create, update, and monitor? How much isol",key-value
docs-cloudfoundry-concepts,orgs-and-spaces.html.md.erb,173,https://github.com/cloudfoundry/docs-cloudfoundry-concepts/blob/97e0d0b25f059c06edd25e30355d26eb93dc560a/orgs-and-spaces.html.md.erb#L173,html,,,False,False,,4,3,2,True,0,False,0,0,list,0,175,52,0,True,False,<%= vars.app_runtime_abbr %> Layer | The impact of mapping larger subsets of your company | Foundations | Less maintenance Less isolation Better use of shared p,key-value
docs-cloudfoundry-concepts,orgs-and-spaces.html.md.erb,212,https://github.com/cloudfoundry/docs-cloudfoundry-concepts/blob/97e0d0b25f059c06edd25e30355d26eb93dc560a/orgs-and-spaces.html.md.erb#L212,html,,,False,False,,4,3,2,True,0,False,0,0,list,0,128,53,0,True,False,"<%= vars.app_runtime_abbr %> Layer | The impact of mapping smaller subsets of your company | Foundations | More maintenance, which could be offset with platform",key-value
docs-cloudfoundry-concepts,diego/diego-architecture.html.md.erb,100,https://github.com/cloudfoundry/docs-cloudfoundry-concepts/blob/97e0d0b25f059c06edd25e30355d26eb93dc560a/diego/diego-architecture.html.md.erb#L100,html,,,False,False,,9,8,2,True,0,False,0,0,"bold,br,code,link,list",0,702,39,0,True,False,"Component | Function | Job: auctioneer VM: scheduler | Distributes work through auction to Cell Reps over SSL/TLS. For more information, see How the Diego Aucti",key-value
docs-cloudfoundry-concepts,diego/diego-architecture.html.md.erb,190,https://github.com/cloudfoundry/docs-cloudfoundry-concepts/blob/97e0d0b25f059c06edd25e30355d26eb93dc560a/diego/diego-architecture.html.md.erb#L190,html,,,False,False,,6,5,2,True,0,False,0,0,"bold,br,list",0,183,41,0,False,False,Component | Function | Job: bosh-dns-aliases VM: all | Provides service discovery through colocated DNS servers on all BOSH-deployed VMsProvides client-side loa,key-value
docs-cloudfoundry-concepts,architecture/uaa.html.md.erb,42,https://github.com/cloudfoundry/docs-cloudfoundry-concepts/blob/97e0d0b25f059c06edd25e30355d26eb93dc560a/architecture/uaa.html.md.erb#L42,html,,,False,False,,5,4,2,True,0,False,0,0,"br,link",0,29,8,0,False,False,Name | Language | UAAC CF-UAA-LIB | Ruby,key-value
docs-cloudfoundry-concepts,architecture/uaa.html.md.erb,29,https://github.com/cloudfoundry/docs-cloudfoundry-concepts/blob/97e0d0b25f059c06edd25e30355d26eb93dc560a/architecture/uaa.html.md.erb#L29,pipe,,,False,False,,6,5,3,True,0,False,0,0,,0,74,18,0,False,False,Protocol | Purpose | Profiles,reference-3-4
docs-credhub,credential-types.html.md.erb,17,https://github.com/cloudfoundry/docs-credhub/blob/21b0448736435cec0f5a1491e0b40bda9c4307eb/credential-types.html.md.erb#L17,html,“table”,class=“table”,False,False,,8,7,2,True,0,False,0,1,code,0,199,11,0,False,False,Type | Description | value | A single string value for arbitrary configurations and other non-generated or validated strings.,key-value
docs-deploying-cf,cf-deployment/enable-identity-aware-routing.html.md.erb,87,https://github.com/cloudfoundry/docs-deploying-cf/blob/1113cfaf3626931c653c91dc8d537d7f181d6762/cf-deployment/enable-identity-aware-routing.html.md.erb#L87,html,,,False,False,,5,4,2,True,0,False,0,0,code,0,166,33,0,False,False,"Configures | Details | BOSH DNS alias | Resolves the *.apps.identity wildcard to the Gorouter instances (alias label _.apps.identity, the BOSH DNS wildcard form",key-value
docs-deploying-cf,cf-deployment/enable-identity-aware-routing.html.md.erb,126,https://github.com/cloudfoundry/docs-deploying-cf/blob/1113cfaf3626931c653c91dc8d537d7f181d6762/cf-deployment/enable-identity-aware-routing.html.md.erb#L126,html,,,False,False,,4,3,2,True,0,False,0,0,code,0,196,37,0,True,False,Certificate / CA | Role | diego_instance_identity_ca (existing) | Validates the caller's client certificate at the Gorouter. The ops file sets it as the domain',key-value
docs-deploying-cf,cf-deployment/enable-identity-aware-routing.html.md.erb,172,https://github.com/cloudfoundry/docs-deploying-cf/blob/1113cfaf3626931c653c91dc8d537d7f181d6762/cf-deployment/enable-identity-aware-routing.html.md.erb#L172,html,,,False,False,,5,4,3,True,0,False,0,0,code,0,190,16,0,False,False,Field | Description | Values (default) | name,reference-3-4
docs-deploying-cf,common/dns_prereqs.html.md.erb,16,https://github.com/cloudfoundry/docs-deploying-cf/blob/1113cfaf3626931c653c91dc8d537d7f181d6762/common/dns_prereqs.html.md.erb#L16,html,,,False,False,,6,5,3,True,0,False,0,0,,0,100,16,0,False,False,Domain | Example | Notes | TCP,reference-3-4
docs-dev-guide,custom-ports.html.md.erb,21,https://github.com/cloudfoundry/docs-dev-guide/blob/9c8df63eb3823011e4e3aff9958c36e25d5190b7/custom-ports.html.md.erb#L21,pipe,,,False,False,,4,3,3,True,0,False,0,0,,0,101,22,0,False,False,Port Type | Description | Network Hop,reference-3-4
docs-dev-guide,push-sub-commands.html.md.erb,24,https://github.com/cloudfoundry/docs-dev-guide/blob/9c8df63eb3823011e4e3aff9958c36e25d5190b7/push-sub-commands.html.md.erb#L24,html,,,False,False,,6,5,3,True,0,False,0,1,"br,code,link,list",0,190,28,0,False,False,Resource | Description | Commands | App,reference-3-4
docs-dev-guide,using-tasks.html.md.erb,165,https://github.com/cloudfoundry/docs-dev-guide/blob/9c8df63eb3823011e4e3aff9958c36e25d5190b7/using-tasks.html.md.erb#L165,pipe,,,False,False,,4,3,2,True,0,False,0,0,code,0,108,11,0,False,False,State | Description,key-value
docs-dev-guide,using-tasks.html.md.erb,193,https://github.com/cloudfoundry/docs-dev-guide/blob/9c8df63eb3823011e4e3aff9958c36e25d5190b7/using-tasks.html.md.erb#L193,pipe,,,False,False,,4,3,2,True,0,False,0,0,code,0,108,11,0,False,False,State | Description,key-value
docs-dev-guide,deploy-apps/ssh-apps.html.md.erb,22,https://github.com/cloudfoundry/docs-dev-guide/blob/9c8df63eb3823011e4e3aff9958c36e25d5190b7/deploy-apps/ssh-apps.html.md.erb#L22,html,"""table""","id='ssh-commands' class=""table""",False,False,,5,4,2,True,0,False,0,0,"br,code,link",0,76,34,0,False,False,cf CLI command | Purpose | cf enable-ssh cf disable-ssh cf allow-space-ssh cf disallow-space-ssh | Activate and deactivate SSH access,key-value
docs-dev-guide,deploy-apps/ssh-apps.html.md.erb,232,https://github.com/cloudfoundry/docs-dev-guide/blob/9c8df63eb3823011e4e3aff9958c36e25d5190b7/deploy-apps/ssh-apps.html.md.erb#L232,html,"""table""","id='ssh-proxy-security-configuration-values' class=""table""",False,False,,4,3,2,True,0,False,0,0,"br,code",0,85,18,0,False,False,Security parameter | Values | Ciphers | chacha20-poly1305@openssh.com aes128-gcm@openssh.com aes256-ctr aes192-ctr aes128-ctr,key-value
docs-dev-guide,deploy-apps/identity-aware-routing.html.md.erb,60,https://github.com/cloudfoundry/docs-dev-guide/blob/9c8df63eb3823011e4e3aff9958c36e25d5190b7/deploy-apps/identity-aware-routing.html.md.erb#L60,html,"""table""","class=""table""",False,False,,4,3,2,True,0,False,0,0,code,0,54,7,0,False,False,Scope | Meaning | any | Policy sources can be in any org or space.,key-value
docs-dev-guide,deploy-apps/identity-aware-routing.html.md.erb,113,https://github.com/cloudfoundry/docs-dev-guide/blob/9c8df63eb3823011e4e3aff9958c36e25d5190b7/deploy-apps/identity-aware-routing.html.md.erb#L113,html,"""table""","class=""table""",False,False,,6,5,2,True,0,False,0,0,code,0,93,20,0,True,False,Flag | Allows callers that are… | --source-app APP | A specific app. Optionally narrow an ambiguous app name with --source-space and --source-org.,key-value
docs-dev-guide,deploy-apps/identity-aware-routing.html.md.erb,215,https://github.com/cloudfoundry/docs-dev-guide/blob/9c8df63eb3823011e4e3aff9958c36e25d5190b7/deploy-apps/identity-aware-routing.html.md.erb#L215,html,"""table""","class=""table""",False,False,,3,2,3,True,0,False,0,0,code,0,55,7,0,False,False,Format | Header contents | Approximate size | raw,reference-3-4
docs-dev-guide,deploy-apps/environment-variable.html.md.erb,86,https://github.com/cloudfoundry/docs-dev-guide/blob/9c8df63eb3823011e4e3aff9958c36e25d5190b7/deploy-apps/environment-variable.html.md.erb#L86,pipe,,,False,False,,26,25,4,True,0,False,0,0,code,0,25,1,17,False,False,Environment Variable | Running | Staging | Task,matrix
docs-dev-guide,deploy-apps/environment-variable.html.md.erb,255,https://github.com/cloudfoundry/docs-dev-guide/blob/9c8df63eb3823011e4e3aff9958c36e25d5190b7/deploy-apps/environment-variable.html.md.erb#L255,pipe,,,False,False,,22,21,2,True,0,False,0,0,code,0,242,22,0,True,False,Attribute | Description,key-value
docs-dev-guide,deploy-apps/environment-variable.html.md.erb,289,https://github.com/cloudfoundry/docs-dev-guide/blob/9c8df63eb3823011e4e3aff9958c36e25d5190b7/deploy-apps/environment-variable.html.md.erb#L289,pipe,,,False,False,,12,11,2,True,0,False,0,0,code,0,95,18,0,False,False,Attribute | Description,key-value
docs-dev-guide,deploy-apps/environment-variable.html.md.erb,380,https://github.com/cloudfoundry/docs-dev-guide/blob/9c8df63eb3823011e4e3aff9958c36e25d5190b7/deploy-apps/environment-variable.html.md.erb#L380,pipe,,,False,False,,5,4,2,True,0,False,0,0,code,0,72,51,0,False,False,CLI Command | Description,key-value
docs-dev-guide,deploy-apps/rolling-deploy.html.md.erb,132,https://github.com/cloudfoundry/docs-dev-guide/blob/9c8df63eb3823011e4e3aff9958c36e25d5190b7/deploy-apps/rolling-deploy.html.md.erb#L132,html,"""table""","class=""table""",False,False,,8,7,5,True,0,False,0,0,,0,18,2,0,False,False,Step | Step Weight | Original Instances | Canary Instances,matrix
docs-dev-guide,deploy-apps/rolling-deploy.html.md.erb,211,https://github.com/cloudfoundry/docs-dev-guide/blob/9c8df63eb3823011e4e3aff9958c36e25d5190b7/deploy-apps/rolling-deploy.html.md.erb#L211,html,"""table""","class=""table""",False,False,,10,9,2,True,0,False,0,0,"br,code,link",0,493,42,0,True,False,"Limitation | Description | Multiple app versions | During a deployment, <%= vars.app_runtime_abbr %> serves both the old and new version of your app at the same",key-value
docs-dev-guide,deploy-apps/rolling-deploy.html.md.erb,629,https://github.com/cloudfoundry/docs-dev-guide/blob/9c8df63eb3823011e4e3aff9958c36e25d5190b7/deploy-apps/rolling-deploy.html.md.erb#L629,html,"""table""","class=""table""",False,False,,7,6,3,True,0,False,0,3,code,0,112,10,0,False,False,status.value | status.reason | Description | ACTIVE,reference-3-4
docs-dev-guide,deploy-apps/stacks.html.md.erb,42,https://github.com/cloudfoundry/docs-dev-guide/blob/9c8df63eb3823011e4e3aff9958c36e25d5190b7/deploy-apps/stacks.html.md.erb#L42,pipe,,,False,False,,5,4,2,True,0,False,0,0,code,0,116,28,0,False,False,State | What it means for developers,key-value
docs-dev-guide,deploy-apps/routes-domains.html.md.erb,18,https://github.com/cloudfoundry/docs-dev-guide/blob/9c8df63eb3823011e4e3aff9958c36e25d5190b7/deploy-apps/routes-domains.html.md.erb#L18,html,,,False,False,,6,5,2,True,0,False,0,0,code,0,54,41,0,True,False,Request | Matched Route | http://example-app.<%= vars.app_domain %> | example-app.<%= vars.app_domain %>,key-value
docs-dev-guide,deploy-apps/routes-domains.html.md.erb,335,https://github.com/cloudfoundry/docs-dev-guide/blob/9c8df63eb3823011e4e3aff9958c36e25d5190b7/deploy-apps/routes-domains.html.md.erb#L335,html,"""table""","class=""table""",False,False,,5,4,2,True,0,False,0,0,,0,37,10,0,True,False,Route | Apps | store.<%= vars.app_domain %>/products | products,key-value
docs-dev-guide,deploy-apps/routes-domains.html.md.erb,416,https://github.com/cloudfoundry/docs-dev-guide/blob/9c8df63eb3823011e4e3aff9958c36e25d5190b7/deploy-apps/routes-domains.html.md.erb#L416,html,"""table""","class=""table""",False,False,,3,2,2,True,0,False,0,0,code,0,35,27,0,False,False,Route 1 | Route 2 | example-app.example.com | example-app.apps.cf.example.com,key-value
docs-dev-guide,deploy-apps/routes-domains.html.md.erb,433,https://github.com/cloudfoundry/docs-dev-guide/blob/9c8df63eb3823011e4e3aff9958c36e25d5190b7/deploy-apps/routes-domains.html.md.erb#L433,html,"""table""","class=""table""",False,False,,3,2,2,True,0,False,0,0,code,0,35,27,0,False,False,Route 1 | Route 2 | example-app.example.com/foo | example-app.apps.cf.example.com/bar,key-value
docs-dev-guide,deploy-apps/routes-domains.html.md.erb,601,https://github.com/cloudfoundry/docs-dev-guide/blob/9c8df63eb3823011e4e3aff9958c36e25d5190b7/deploy-apps/routes-domains.html.md.erb#L601,html,"""table""","class=""table""",False,False,,3,2,3,True,0,False,0,3,code,0,142,22,0,False,False,X-Cf-Routererror value | Reason for error | Response body | invalid_cf_app_instance_header,reference-3-4
docs-dev-guide,deploy-apps/routes-domains.html.md.erb,657,https://github.com/cloudfoundry/docs-dev-guide/blob/9c8df63eb3823011e4e3aff9958c36e25d5190b7/deploy-apps/routes-domains.html.md.erb#L657,html,"""table""","class=""table""",False,False,,4,3,3,True,0,False,0,3,code,0,150,34,0,False,False,X-Cf-Routererror value | Reason for error | Response body | invalid_cf_process_instance_header,reference-3-4
docs-dev-guide,deploy-apps/routes-domains.html.md.erb,849,https://github.com/cloudfoundry/docs-dev-guide/blob/9c8df63eb3823011e4e3aff9958c36e25d5190b7/deploy-apps/routes-domains.html.md.erb#L849,html,"""table""","class=""table""",False,False,,3,2,3,True,0,False,0,0,,0,38,27,0,True,False,Record set in custom domain | Type | Target in <%= vars.app_runtime_abbr %> | example-app.yourcustomdomain.com.,reference-3-4
docs-dev-guide,deploy-apps/routes-domains.html.md.erb,878,https://github.com/cloudfoundry/docs-dev-guide/blob/9c8df63eb3823011e4e3aff9958c36e25d5190b7/deploy-apps/routes-domains.html.md.erb#L878,html,"""table""","class=""table""",False,False,,3,2,3,True,0,False,0,0,,0,38,23,0,True,False,Record set in custom domain | Type | Target in <%= vars.app_runtime_abbr %> | *.yourcustomdomain.com.,reference-3-4
docs-dev-guide,deploy-apps/routes-domains.html.md.erb,916,https://github.com/cloudfoundry/docs-dev-guide/blob/9c8df63eb3823011e4e3aff9958c36e25d5190b7/deploy-apps/routes-domains.html.md.erb#L916,html,"""table""","class=""table""",False,False,,2,1,4,True,0,False,0,0,,0,109,10,0,True,False,Record | Name | Target | Note,reference-3-4
docs-dev-guide,deploy-apps/routes-domains.html.md.erb,943,https://github.com/cloudfoundry/docs-dev-guide/blob/9c8df63eb3823011e4e3aff9958c36e25d5190b7/deploy-apps/routes-domains.html.md.erb#L943,html,"""table""","class=""table""",False,False,,3,2,4,True,0,False,0,0,code,0,75,6,1,True,False,Record | Name | Target | Note,reference-3-4
docs-dev-guide,deploy-apps/large-app-deploy.html.md.erb,53,https://github.com/cloudfoundry/docs-dev-guide/blob/9c8df63eb3823011e4e3aff9958c36e25d5190b7/deploy-apps/large-app-deploy.html.md.erb#L53,html,"""table""","class=""table""",False,False,,10,9,2,True,0,False,0,0,"br,code",0,47,22,0,True,False,Setting | Note | App package size | Maximum: <%= vars.max_app_size_table %>,key-value
docs-dev-guide,deploy-apps/_c2c_oss_overlay.html.md.erb,36,https://github.com/cloudfoundry/docs-dev-guide/blob/9c8df63eb3823011e4e3aff9958c36e25d5190b7/deploy-apps/_c2c_oss_overlay.html.md.erb#L36,html,,,False,False,,3,2,4,True,0,False,0,0,code,0,238,29,0,False,False,Pie Metaphor Property | Actual Bosh Property | Description | Default,reference-3-4
docs-dev-guide,deploy-apps/_c2c_oss_overlay.html.md.erb,112,https://github.com/cloudfoundry/docs-dev-guide/blob/9c8df63eb3823011e4e3aff9958c36e25d5190b7/deploy-apps/_c2c_oss_overlay.html.md.erb#L112,html,,,False,False,,4,3,2,True,0,False,0,0,code,0,120,14,0,False,True,"Property | Value | network | [""10.255.0.0/20"", ""10.255.96.0/21"", ""10.255.200.0/23"", ""10.255.220.0/24""]",key-value
docs-dev-guide,deploy-apps/_c2c_oss_overlay.html.md.erb,132,https://github.com/cloudfoundry/docs-dev-guide/blob/9c8df63eb3823011e4e3aff9958c36e25d5190b7/deploy-apps/_c2c_oss_overlay.html.md.erb#L132,html,,,False,False,,4,3,2,True,0,False,0,0,code,0,115,14,0,False,True,"Property | Value | network | [""10.255.0.0/20"", ""10.255.96.0/21"", ""10.255.200.0/23"", ""10.255.220.0/32""]",key-value
docs-dev-guide,deploy-apps/_c2c_oss_overlay.html.md.erb,152,https://github.com/cloudfoundry/docs-dev-guide/blob/9c8df63eb3823011e4e3aff9958c36e25d5190b7/deploy-apps/_c2c_oss_overlay.html.md.erb#L152,html,,,False,False,,4,3,2,True,0,False,0,0,code,0,105,14,0,False,True,"Property | Value | network | [""10.255.0.0/20"", ""10.255.0.0/16""]",key-value
docs-dev-guide,deploy-apps/_c2c_oss_enable.html.md.erb,13,https://github.com/cloudfoundry/docs-dev-guide/blob/9c8df63eb3823011e4e3aff9958c36e25d5190b7/deploy-apps/_c2c_oss_enable.html.md.erb#L13,html,"""table""","class=""table""",False,False,,5,4,2,True,0,False,0,1,"br,code,link",0,216,125,0,False,False,Container-to-container networking opsfiles | Description | - type: replace path: /instance_groups/name=diego-cell/jobs/name=vxlan_policy_agent/properties/iptabl,key-value
docs-dev-guide,deploy-apps/app-ssh-overview.html.md.erb,22,https://github.com/cloudfoundry/docs-dev-guide/blob/9c8df63eb3823011e4e3aff9958c36e25d5190b7/deploy-apps/app-ssh-overview.html.md.erb#L22,html,"""table""","id='TK-NAME' class=""table""",False,False,,4,3,3,True,0,False,0,0,"bold,code",0,94,17,0,True,False,User role | Scope of SSH permissions control | How they define SSH permissions | Operator,reference-3-4
docs-dev-guide,deploy-apps/healthchecks.html.md.erb,130,https://github.com/cloudfoundry/docs-dev-guide/blob/9c8df63eb3823011e4e3aff9958c36e25d5190b7/deploy-apps/healthchecks.html.md.erb#L130,html,"""table""","class=""table""",False,False,,5,4,3,True,0,False,0,1,"bold,br,code,paragraph",0,588,41,0,True,False,Health check type | Recommended use case | Explanation | http,reference-3-4
docs-dev-guide,deploy-apps/healthchecks.html.md.erb,113,https://github.com/cloudfoundry/docs-dev-guide/blob/9c8df63eb3823011e4e3aff9958c36e25d5190b7/deploy-apps/healthchecks.html.md.erb#L113,pipe,,,False,False,,10,9,2,True,0,False,0,0,code,0,403,11,0,True,False,Stage | Description,key-value
docs-dev-guide,deploy-apps/cf-networking.html.md.erb,43,https://github.com/cloudfoundry/docs-dev-guide/blob/9c8df63eb3823011e4e3aff9958c36e25d5190b7/deploy-apps/cf-networking.html.md.erb#L43,html,"""table""","class=""table""",False,False,,3,2,3,True,0,False,0,0,code,0,44,13,0,False,False,UAA Scope | Suitable for… | Allows users to create policies… | network.admin,reference-3-4
docs-dev-guide,deploy-apps/manifest-attributes.html.md.erb,628,https://github.com/cloudfoundry/docs-dev-guide/blob/9c8df63eb3823011e4e3aff9958c36e25d5190b7/deploy-apps/manifest-attributes.html.md.erb#L628,html,"""table""","class=""table""",False,False,,3,2,2,True,0,False,0,0,code,0,142,14,0,False,False,Flag | Result | --no-route | All declared routes are ignored. This flag does not unbind all existing routes associated with the app.,key-value
docs-dev-guide,services/_using-vol-services.html.md.erb,183,https://github.com/cloudfoundry/docs-dev-guide/blob/9c8df63eb3823011e4e3aff9958c36e25d5190b7/services/_using-vol-services.html.md.erb#L183,html,"""table""","class=""table""",False,False,,4,3,2,True,0,False,0,1,code,0,163,13,0,False,False,Property | Description | container_dir | String containing the path to the mounted volume that you bound to your app.,key-value
docs-dev-guide,services/oms-nozzle.html.md.erb,80,https://github.com/cloudfoundry/docs-dev-guide/blob/9c8df63eb3823011e4e3aff9958c36e25d5190b7/services/oms-nozzle.html.md.erb#L80,html,"""table'","class=""table'""",False,False,,14,13,2,True,0,False,0,0,"br,code,link",0,195,50,0,False,False,Environment variable | Description | applications: - name: oms_nozzle ... env: OMS_WORKSPACE: YOUR-WORKSPACE-ID OMS_KEY: YOUR-OMS-KEY | Enter the ID and key val,key-value
docs-dev-guide,services/oms-nozzle.html.md.erb,237,https://github.com/cloudfoundry/docs-dev-guide/blob/9c8df63eb3823011e4e3aff9958c36e25d5190b7/services/oms-nozzle.html.md.erb#L237,pipe,,,False,False,,4,3,2,True,0,False,0,0,,0,113,27,0,False,False,CounterEvent | CounterKey,key-value
docs-dev-guide,services/oms-nozzle.html.md.erb,255,https://github.com/cloudfoundry/docs-dev-guide/blob/9c8df63eb3823011e4e3aff9958c36e25d5190b7/services/oms-nozzle.html.md.erb#L255,pipe,,,False,False,,2,1,2,True,0,False,0,0,,0,30,11,0,False,False,ValueMetric | MetricKey,key-value
docs-loggregator,data-sources.html.md.erb,117,https://github.com/cloudfoundry/docs-loggregator/blob/8e027bac1099b737afe56afa1606b4fcf9d06c94/data-sources.html.md.erb#L117,html,“table”,class=“table”,False,False,,3,2,3,True,0,False,0,2,list,0,279,18,0,True,False,Source | Logs data | Metrics data | Platform components,reference-3-4
docs-loggregator,data-sources.html.md.erb,175,https://github.com/cloudfoundry/docs-loggregator/blob/8e027bac1099b737afe56afa1606b4fcf9d06c94/data-sources.html.md.erb#L175,html,“table”,class=“table”,False,False,,3,2,3,True,0,False,0,2,,0,54,11,0,True,False,Source | Logs transport system | Metrics transport system | Platform components,reference-3-4
docs-loggregator,data-sources.html.md.erb,200,https://github.com/cloudfoundry/docs-loggregator/blob/8e027bac1099b737afe56afa1606b4fcf9d06c94/data-sources.html.md.erb#L200,html,“table”,class=“table”,False,False,,3,2,3,True,0,False,0,2,"code,link,list",0,290,38,0,True,False,Source | Products and tools for viewing logs | Products and tools for viewing metrics | Platform components,reference-3-4
docs-loggregator,opentelemetry.html.md.erb,42,https://github.com/cloudfoundry/docs-loggregator/blob/8e027bac1099b737afe56afa1606b4fcf9d06c94/opentelemetry.html.md.erb#L42,pipe,,,False,False,,11,10,2,True,0,False,0,0,code,0,31,9,0,False,False,Exporter | Stability,key-value
docs-loggregator,opentelemetry.html.md.erb,114,https://github.com/cloudfoundry/docs-loggregator/blob/8e027bac1099b737afe56afa1606b4fcf9d06c94/opentelemetry.html.md.erb#L114,pipe,,,False,False,,5,4,2,True,0,False,0,0,code,0,24,9,0,False,False,Processor | Stability,key-value
docs-loggregator,opentelemetry.html.md.erb,155,https://github.com/cloudfoundry/docs-loggregator/blob/8e027bac1099b737afe56afa1606b4fcf9d06c94/opentelemetry.html.md.erb#L155,pipe,,,False,False,,3,2,2,True,0,False,0,0,code,0,16,9,0,False,False,Extension | Stability,key-value
docs-loggregator,container-metrics.html.md.erb,18,https://github.com/cloudfoundry/docs-loggregator/blob/8e027bac1099b737afe56afa1606b4fcf9d06c94/container-metrics.html.md.erb#L18,html,“table”,class=“table”,False,False,,12,11,3,True,0,False,0,3,"br,code",0,536,8,0,True,False,Metric | Description | Unit | cpu,reference-3-4
docs-loggregator,container-metrics.html.md.erb,96,https://github.com/cloudfoundry/docs-loggregator/blob/8e027bac1099b737afe56afa1606b4fcf9d06c94/container-metrics.html.md.erb#L96,html,“table”,class=“table”,False,False,,4,3,3,True,0,False,0,3,"br,code",0,554,11,0,True,False,Metric | Description | Unit | absolute_entitlement,reference-3-4
docs-loggregator,container-metrics.html.md.erb,163,https://github.com/cloudfoundry/docs-loggregator/blob/8e027bac1099b737afe56afa1606b4fcf9d06c94/container-metrics.html.md.erb#L163,pipe,,,False,False,,4,3,2,True,0,False,0,0,code,0,35,15,0,False,False,Label in output | Metrics listed,key-value
docs-running-cf,config-ssh.html.md.erb,155,https://github.com/cloudfoundry/docs-running-cf/blob/956acc86445d2f3cb29f031294f86f37f515b471/config-ssh.html.md.erb#L155,html,"""table""","border=""1"" class=""table""",True,False,,6,5,2,True,0,False,0,0,"bold,code",0,180,32,0,False,False,Error | Reason | Error getting one time auth code | Check that you have the ssh-proxy client registered with your UAA server.,key-value
docs-running-cf,rate-limit-cloud-controller-api.html.md.erb,22,https://github.com/cloudfoundry/docs-running-cf/blob/956acc86445d2f3cb29f031294f86f37f515b471/rate-limit-cloud-controller-api.html.md.erb#L22,html,"""table""","class=""table""",False,False,,4,3,2,True,0,False,0,0,link,0,182,21,0,False,False,"Field Value | Description | X-RateLimit-Limit | The maximum number of attempts per User Account and Authentication (UAA) user, if a user is authenticated. The m",key-value
docs-running-cf,uaa-performance.html.md.erb,88,https://github.com/cloudfoundry/docs-running-cf/blob/956acc86445d2f3cb29f031294f86f37f515b471/uaa-performance.html.md.erb#L88,html,"""table""","class=""table""",False,False,,4,3,3,True,0,False,0,0,"bold,image,link",0,10,1,6,False,False,Instances | Threads | Throughput | 1,media
docs-running-cf,uaa-performance.html.md.erb,111,https://github.com/cloudfoundry/docs-running-cf/blob/956acc86445d2f3cb29f031294f86f37f515b471/uaa-performance.html.md.erb#L111,html,"""table""","class=""table""",False,False,,4,3,3,True,0,False,0,0,"bold,image,link",0,9,1,6,False,False,Instances | Threads | Latency | 1,media
docs-running-cf,uaa-performance.html.md.erb,138,https://github.com/cloudfoundry/docs-running-cf/blob/956acc86445d2f3cb29f031294f86f37f515b471/uaa-performance.html.md.erb#L138,html,"""table""","class=""table""",False,False,,4,3,5,True,0,False,0,0,"bold,image,link",0,18,0,12,False,False,Instances | Threads | CPU | Heap Memory,media
docs-running-cf,uaa-performance.html.md.erb,173,https://github.com/cloudfoundry/docs-running-cf/blob/956acc86445d2f3cb29f031294f86f37f515b471/uaa-performance.html.md.erb#L173,html,"""table""","class=""table""",False,False,,4,3,3,True,0,False,0,0,"bold,image,link",0,10,1,6,False,False,Instances | Threads | Throughput | 1,media
docs-running-cf,uaa-performance.html.md.erb,196,https://github.com/cloudfoundry/docs-running-cf/blob/956acc86445d2f3cb29f031294f86f37f515b471/uaa-performance.html.md.erb#L196,html,"""table""","class=""table""",False,False,,4,3,3,True,0,False,0,0,"bold,image,link",0,9,1,6,False,False,Instances | Threads | Latency | 1,media
docs-running-cf,uaa-performance.html.md.erb,223,https://github.com/cloudfoundry/docs-running-cf/blob/956acc86445d2f3cb29f031294f86f37f515b471/uaa-performance.html.md.erb#L223,html,"""table""","class=""table""",False,False,,4,3,5,True,0,False,0,0,"bold,image,link",0,18,0,12,False,False,Instances | Threads | CPU | Heap Memory,media
docs-running-cf,uaa-performance.html.md.erb,257,https://github.com/cloudfoundry/docs-running-cf/blob/956acc86445d2f3cb29f031294f86f37f515b471/uaa-performance.html.md.erb#L257,html,"""table""","class=""table""",False,False,,2,1,3,True,0,False,0,0,"bold,image,link",0,10,7,2,False,False,Instances | Threads | Throughput | 1,media
docs-running-cf,uaa-performance.html.md.erb,270,https://github.com/cloudfoundry/docs-running-cf/blob/956acc86445d2f3cb29f031294f86f37f515b471/uaa-performance.html.md.erb#L270,html,"""table""","class=""table""",False,False,,2,1,3,True,0,False,0,0,"bold,image,link",0,9,7,2,False,False,Instances | Threads | Latency | 1,media
docs-running-cf,uaa-performance.html.md.erb,287,https://github.com/cloudfoundry/docs-running-cf/blob/956acc86445d2f3cb29f031294f86f37f515b471/uaa-performance.html.md.erb#L287,html,"""table""","class=""table""",False,False,,2,1,5,True,0,False,0,0,"bold,image,link",0,18,3,4,False,False,Instances | Threads | CPU | Heap Memory,media
docs-running-cf,uaa-performance.html.md.erb,309,https://github.com/cloudfoundry/docs-running-cf/blob/956acc86445d2f3cb29f031294f86f37f515b471/uaa-performance.html.md.erb#L309,html,"""table""","class=""table""",False,False,,2,1,3,True,0,False,0,0,"bold,image,link",0,10,7,2,False,False,Instances | Threads | Throughput | 1,media
docs-running-cf,uaa-performance.html.md.erb,322,https://github.com/cloudfoundry/docs-running-cf/blob/956acc86445d2f3cb29f031294f86f37f515b471/uaa-performance.html.md.erb#L322,html,"""table""","class=""table""",False,False,,2,1,3,True,0,False,0,0,"bold,image,link",0,9,7,2,False,False,Instances | Threads | Latency | 1,media
docs-running-cf,uaa-performance.html.md.erb,339,https://github.com/cloudfoundry/docs-running-cf/blob/956acc86445d2f3cb29f031294f86f37f515b471/uaa-performance.html.md.erb#L339,html,"""table""","class=""table""",False,False,,2,1,5,True,0,False,0,0,"bold,image,link",0,18,3,4,False,False,Instances | Threads | CPU | Heap Memory,media
docs-running-cf,metrics/_metron_agent.html.md.erb,3,https://github.com/cloudfoundry/docs-running-cf/blob/956acc86445d2f3cb29f031294f86f37f515b471/metrics/_metron_agent.html.md.erb#L3,pipe,,,False,False,,43,42,2,True,0,False,0,0,,0,130,43,0,False,False,Metric Name | Description,key-value
docs-running-cf,metrics/_syslog_binding_cache.html.md.erb,3,https://github.com/cloudfoundry/docs-running-cf/blob/956acc86445d2f3cb29f031294f86f37f515b471/metrics/_syslog_binding_cache.html.md.erb#L3,pipe,,,False,False,,3,2,2,True,0,False,0,0,,0,78,29,0,False,False,Metric Name | Description,key-value
docs-running-cf,metrics/_doppler.html.md.erb,3,https://github.com/cloudfoundry/docs-running-cf/blob/956acc86445d2f3cb29f031294f86f37f515b471/metrics/_doppler.html.md.erb#L3,pipe,,,False,False,,45,44,2,True,0,False,0,0,,0,196,40,0,False,False,Metric Name | Description,key-value
docs-running-cf,metrics/_uaa.html.md.erb,3,https://github.com/cloudfoundry/docs-running-cf/blob/956acc86445d2f3cb29f031294f86f37f515b471/metrics/_uaa.html.md.erb#L3,pipe,,,False,False,,10,9,2,True,0,False,0,0,,0,101,56,0,False,False,Metric Name | Description,key-value
docs-running-cf,metrics/_traffic_controller.html.md.erb,3,https://github.com/cloudfoundry/docs-running-cf/blob/956acc86445d2f3cb29f031294f86f37f515b471/metrics/_traffic_controller.html.md.erb#L3,pipe,,,False,False,,13,12,2,True,0,False,0,0,,0,114,34,0,False,False,Metric Name | Description,key-value
docs-running-cf,metrics/_diego.html.md.erb,15,https://github.com/cloudfoundry/docs-running-cf/blob/956acc86445d2f3cb29f031294f86f37f515b471/metrics/_diego.html.md.erb#L15,pipe,,,False,False,,16,15,2,True,0,False,0,0,"code,link",0,164,42,0,False,False,Metric Name | Description,key-value
docs-running-cf,metrics/_diego.html.md.erb,35,https://github.com/cloudfoundry/docs-running-cf/blob/956acc86445d2f3cb29f031294f86f37f515b471/metrics/_diego.html.md.erb#L35,pipe,,,False,False,,48,47,2,True,0,False,0,0,"code,link",0,223,35,0,False,False,Metric Name | Description,key-value
docs-running-cf,metrics/_diego.html.md.erb,87,https://github.com/cloudfoundry/docs-running-cf/blob/956acc86445d2f3cb29f031294f86f37f515b471/metrics/_diego.html.md.erb#L87,pipe,,,False,False,,5,4,2,True,0,False,0,0,link,0,76,34,0,False,False,Metric Name | Description,key-value
docs-running-cf,metrics/_diego.html.md.erb,96,https://github.com/cloudfoundry/docs-running-cf/blob/956acc86445d2f3cb29f031294f86f37f515b471/metrics/_diego.html.md.erb#L96,pipe,,,False,False,,21,20,2,True,0,False,0,0,"code,link",0,203,34,0,False,False,Metric Name | Description,key-value
docs-running-cf,metrics/_diego.html.md.erb,121,https://github.com/cloudfoundry/docs-running-cf/blob/956acc86445d2f3cb29f031294f86f37f515b471/metrics/_diego.html.md.erb#L121,pipe,,,False,False,,44,43,2,True,0,False,0,0,"code,link",0,309,43,0,False,False,Metric Name | Description,key-value
docs-running-cf,metrics/_diego.html.md.erb,169,https://github.com/cloudfoundry/docs-running-cf/blob/956acc86445d2f3cb29f031294f86f37f515b471/metrics/_diego.html.md.erb#L169,pipe,,,False,False,,17,16,2,True,0,False,0,0,"code,link",0,168,46,0,False,False,Metric Name | Description,key-value
docs-running-cf,metrics/_diego.html.md.erb,190,https://github.com/cloudfoundry/docs-running-cf/blob/956acc86445d2f3cb29f031294f86f37f515b471/metrics/_diego.html.md.erb#L190,pipe,,,False,False,,6,5,2,True,0,False,0,0,,0,101,34,0,False,False,Metric Name | Description,key-value
docs-running-cf,metrics/_diego.html.md.erb,200,https://github.com/cloudfoundry/docs-running-cf/blob/956acc86445d2f3cb29f031294f86f37f515b471/metrics/_diego.html.md.erb#L200,pipe,,,False,False,,2,1,2,True,0,False,0,0,code,0,337,20,0,False,False,Metric Name | Description,key-value
docs-running-cf,metrics/_cloud_controller.html.md.erb,10,https://github.com/cloudfoundry/docs-running-cf/blob/956acc86445d2f3cb29f031294f86f37f515b471/metrics/_cloud_controller.html.md.erb#L10,pipe,,,False,False,,60,59,3,True,0,False,0,0,"bold,br,code",0,420,28,1,False,False,Statsd Metric Name | Prometheus Metric Name | Description,reference-3-4
docs-running-cf,metrics/_cloud_controller.html.md.erb,76,https://github.com/cloudfoundry/docs-running-cf/blob/956acc86445d2f3cb29f031294f86f37f515b471/metrics/_cloud_controller.html.md.erb#L76,pipe,,,False,False,,8,7,2,True,0,False,0,0,code,0,103,43,0,False,False,Prometheus Metric Name | Description,key-value
docs-running-cf,metrics/_routing.html.md.erb,10,https://github.com/cloudfoundry/docs-running-cf/blob/956acc86445d2f3cb29f031294f86f37f515b471/metrics/_routing.html.md.erb#L10,pipe,,,False,False,,42,41,2,True,0,False,0,0,code,0,288,34,0,False,False,Metric Name | Description,key-value
docs-running-cf,metrics/_routing.html.md.erb,56,https://github.com/cloudfoundry/docs-running-cf/blob/956acc86445d2f3cb29f031294f86f37f515b471/metrics/_routing.html.md.erb#L56,pipe,,,False,False,,15,14,2,True,0,False,0,0,code,0,215,34,0,False,False,Metric Name | Description,key-value
docs-running-cf,metrics/_routing.html.md.erb,75,https://github.com/cloudfoundry/docs-running-cf/blob/956acc86445d2f3cb29f031294f86f37f515b471/metrics/_routing.html.md.erb#L75,pipe,,,False,False,,9,8,2,True,0,False,0,0,,0,99,34,0,False,False,Metric Name | Description,key-value
docs-running-cf,metrics/_routing.html.md.erb,89,https://github.com/cloudfoundry/docs-running-cf/blob/956acc86445d2f3cb29f031294f86f37f515b471/metrics/_routing.html.md.erb#L89,pipe,,,False,False,,15,14,2,True,0,False,0,0,code,0,212,34,0,False,False,Metric Name | Description,key-value
docs-running-cf,archive/deploy-vol-services.html.md.erb,167,https://github.com/cloudfoundry/docs-running-cf/blob/956acc86445d2f3cb29f031294f86f37f515b471/archive/deploy-vol-services.html.md.erb#L167,html,"""table""","class=""table""",False,False,,7,6,2,True,0,False,0,1,code,0,129,25,0,False,False,Variable | Description | nfs-ldap-service-user | This is your LDAP service account user name.,key-value
docs-running-cf,archive/deploy-vol-services.html.md.erb,282,https://github.com/cloudfoundry/docs-running-cf/blob/956acc86445d2f3cb29f031294f86f37f515b471/archive/deploy-vol-services.html.md.erb#L282,html,"""table""","class=""table""",False,False,,7,6,2,True,0,False,0,1,code,0,37,13,0,False,False,"Variable | Value | nfs-ldap-service-user | cn=admin,dc=domain,dc=com",key-value
docs-running-cf,archive/setting-rate-limit-cloud-api.html.md.erb,17,https://github.com/cloudfoundry/docs-running-cf/blob/956acc86445d2f3cb29f031294f86f37f515b471/archive/setting-rate-limit-cloud-api.html.md.erb#L17,html,"""table""","class=""table""",False,False,,10,9,3,True,0,False,0,0,,0,273,34,0,False,False,Property | Description | Default value | cc.rate_limiter.enabled,reference-3-4
docs-running-cf,managing-cf/multi-process-cloud-controller.html.md.erb,71,https://github.com/cloudfoundry/docs-running-cf/blob/956acc86445d2f3cb29f031294f86f37f515b471/managing-cf/multi-process-cloud-controller.html.md.erb#L71,pipe,,,False,False,,6,5,5,True,0,False,0,0,bold,0,39,3,1,False,False, | Profile 1 (Thin) | Profile 2 (Puma) | Profile 3 (Puma) | Profile 4 (Puma),matrix
docs-services,dashboard-sso.html.md.erb,163,https://github.com/cloudfoundry/docs-services/blob/ccb0036407e4c2eabbb61a3b3de008f821f41c5b/dashboard-sso.html.md.erb#L163,pipe,,,False,False,,3,2,2,True,0,False,0,0,code,0,109,43,0,False,False,Scope | Permissions,key-value
docs-services,dashboard-sso.html.md.erb,172,https://github.com/cloudfoundry/docs-services/blob/ccb0036407e4c2eabbb61a3b3de008f821f41c5b/dashboard-sso.html.md.erb#L172,pipe,,,False,False,,3,2,2,True,0,False,0,0,code,0,83,24,0,False,False,Scope | Permissions,key-value
docs-services,route-services.html.md.erb,170,https://github.com/cloudfoundry/docs-services/blob/ccb0036407e4c2eabbb61a3b3de008f821f41c5b/route-services.html.md.erb#L170,html,“table”,class=“table”,False,False,,4,3,3,True,0,False,0,0,br,0,75,13,0,True,False,Route Services Architecture | Fulfills <%= vars.app_runtime_abbr %> Service Instance Responsibilities (1) | Fulfills <%= vars.app_runtime_abbr %> Broker Respons,reference-3-4
docs-services,binding-credentials.html.md.erb,22,https://github.com/cloudfoundry/docs-services/blob/ccb0036407e4c2eabbb61a3b3de008f821f41c5b/binding-credentials.html.md.erb#L22,html,,,False,False,,8,7,2,True,0,False,0,0,"bold,code",0,156,11,0,False,False,"Credentials | Description | uri | Connection string of the form DB-TYPE://USERNAME:PASSWORD@HOSTNAME:PORT/NAME, where DB-TYPE is a type of database such as mysq",key-value
docs-services,managing-service-brokers.html.md.erb,179,https://github.com/cloudfoundry/docs-services/blob/ccb0036407e4c2eabbb61a3b3de008f821f41c5b/managing-service-brokers.html.md.erb#L179,html,“table”,class=“table”,False,False,,6,5,2,True,0,False,0,0,code,0,136,101,0,True,False,Event | Action | The catalog fails to load or validate. | <%= vars.platform_name %> returns a meaningful error that the broker could not be reached or the catal,key-value
docs-uaa,uaa-overview.html.md.erb,59,https://github.com/cloudfoundry/docs-uaa/blob/216c797cfa1a971cf0f9e53eb3e4803aaf914a94/uaa-overview.html.md.erb#L59,html,,,False,False,,5,4,2,True,0,False,0,0,"br,link",0,29,8,0,False,False,Name | Language | UAAC CF-UAA-LIB | Ruby,key-value
docs-uaa,uaa-overview.html.md.erb,46,https://github.com/cloudfoundry/docs-uaa/blob/216c797cfa1a971cf0f9e53eb3e4803aaf914a94/uaa-overview.html.md.erb#L46,pipe,,,False,False,,6,5,3,True,0,False,0,0,,0,74,18,0,False,False,Protocol | Purpose | Profiles,reference-3-4
docs-uaa,uaa-concepts.html.md.erb,174,https://github.com/cloudfoundry/docs-uaa/blob/216c797cfa1a971cf0f9e53eb3e4803aaf914a94/uaa-concepts.html.md.erb#L174,html,,,False,False,,6,5,3,True,0,False,0,1,code,0,345,49,0,False,False,Grant type | User | Details | authorization_code,reference-3-4
docs-uaa,uaa-concepts.html.md.erb,285,https://github.com/cloudfoundry/docs-uaa/blob/216c797cfa1a971cf0f9e53eb3e4803aaf914a94/uaa-concepts.html.md.erb#L285,html,,,False,False,,6,5,2,True,0,False,0,1,"br,code,link",0,437,17,0,True,False,"Key | Value | allowed providers | You can limit which users can use which apps. For example, in a <%= vars.platform_name %> deployment, you may have set up mult",key-value
docs-uaa,uaa-metrics.html.md.erb,37,https://github.com/cloudfoundry/docs-uaa/blob/216c797cfa1a971cf0f9e53eb3e4803aaf914a94/uaa-metrics.html.md.erb#L37,pipe,,,False,False,,14,13,6,True,0,False,0,0,code,0,382,34,0,False,False,Name | Type | Description | Example | Indicator | Status,wide
docs-uaa,uaa-metrics.html.md.erb,62,https://github.com/cloudfoundry/docs-uaa/blob/216c797cfa1a971cf0f9e53eb3e4803aaf914a94/uaa-metrics.html.md.erb#L62,pipe,,,False,False,,6,5,6,True,0,False,0,0,code,0,195,23,0,False,False,Name | Type | Description | Example | Indicator | Status,wide
docs-uaa,uaa-metrics.html.md.erb,74,https://github.com/cloudfoundry/docs-uaa/blob/216c797cfa1a971cf0f9e53eb3e4803aaf914a94/uaa-metrics.html.md.erb#L74,pipe,,,False,False,,11,10,6,True,0,False,0,0,code,0,221,26,0,False,False,Name | Type | Description | Example | Indicator | Status,wide
docs-uaa,uaa-deploy.html.md.erb,462,https://github.com/cloudfoundry/docs-uaa/blob/216c797cfa1a971cf0f9e53eb3e4803aaf914a94/uaa-deploy.html.md.erb#L462,pipe,,,False,False,,34,33,2,True,0,False,0,0,code,0,292,34,0,False,False,Scope | Description,key-value
docs-uaa,uaa-deploy.html.md.erb,502,https://github.com/cloudfoundry/docs-uaa/blob/216c797cfa1a971cf0f9e53eb3e4803aaf914a94/uaa-deploy.html.md.erb#L502,pipe,,,False,False,,6,5,2,True,0,False,0,0,code,0,121,34,0,False,False,Scope | Description,key-value
docs-uaa,uaa-deploy.html.md.erb,514,https://github.com/cloudfoundry/docs-uaa/blob/216c797cfa1a971cf0f9e53eb3e4803aaf914a94/uaa-deploy.html.md.erb#L514,pipe,,,False,False,,5,4,2,True,0,False,0,0,code,0,77,29,0,False,False,Scope | Description,key-value
docs-uaa,uaa-deploy.html.md.erb,525,https://github.com/cloudfoundry/docs-uaa/blob/216c797cfa1a971cf0f9e53eb3e4803aaf914a94/uaa-deploy.html.md.erb#L525,pipe,,,False,False,,3,2,2,True,0,False,0,0,code,0,98,21,0,True,False,Scope | Description,key-value
